author_name,categories,description,image_urls,images
360floralflaves,"food and drink,lelystad,netherlands,scattered leaves,foodism360,collection,monochromatic color scheme,tablecloth,fabric,textile background,food still life,food flat lay,food portrait,fruits and vegetables,Fall Images & Pictures,autumn colours,autumn foods,harvest time,pears,Food Images & Pictures,Public domain images",A table topped with lots of different types of vegetables,,
Olivie Strauss,"food and drink,Food Images & Pictures,dessert,salted caramel,food ingredients,food ingredient,food photography,sweet,caramel,cutlery,spoon,food presentation,kitchen utensil,ladle,Creative Commons images",Spoons filled with peanut butter on a table,,
Keith Tanner,"food and drink,studio photography,product photography,honey bee,honeycomb,honey,product,Food Images & Pictures,cheese,medication,pill,Public domain images",A wooden cutting board topped with different types of soaps,,
Kateryna Hliznitsova,"food and drink,recipe,Food Images & Pictures,autumn recipe,beautiful food,seasonal cooking,autumn recipes,foodie,fall cooking,focaccia,fall food,autumn cooking,recipes,seasonal,Fall Images & Pictures,HD Autumn Wallpapers,Free stock photos",A tray of food with tomatoes and onions on it,,
Bennie Bates,"food and drink,Food Images & Pictures,dinner,lunch,restaurant,hungry,eating,eat,edible,tex mex,mexican food,mexican,Hq Background Images,HD Wood Wallpapers,burrito bowl,burrito,taco,plate,guacamole,Free pictures",A person holding a paper bag filled with food,,
Mitili Mitili,"food and drink,Food Images & Pictures,mussels,Fish Images,mitili,italia,liguria,laspezia,oysters,seafood,cozze,ostriche,oyster,food presentation,kitchen utensil,Public domain images",A man standing over a bowl of mussels on top of a table,,
Mitili Mitili,"food and drink,Food Images & Pictures,italia,liguria,laspezia,oysters,seafood,cozze,ostriche,oyster,mussels,Fish Images,mitili,food presentation,cooking,pouring food,Free pictures",A person pouring olive oil on small appetizers,,
Mitili Mitili,"food and drink,Food Images & Pictures,seafood,italia,liguria,laspezia,oysters,cozze,ostriche,oyster,mussels,Fish Images,mitili,food presentation,brunch,beverage,drink,soda,Backgrounds",A plate of seafood sits on a white table,,
Dan Lasner,"food and drink,alcohol,beverage,drink,gin,liquor,tape,glass,soda,Free images",A close up of a drink on a table,,
Kateryna Hliznitsova,"seasonal,Fall Images & Pictures,HD Autumn Wallpapers,recipe,Food Images & Pictures,autumn recipe,soup,fall food,fall cooking,seasonal cooking,autumn cooking,recipes,autumn recipes,food and drink,HD Wallpapers",A bowl of soup sits on a plate next to other dishes,,
Julen Rey Azcona,"milán,italia,food and drink,glass,alcohol,beer,beverage,drink,soda,cocktail,furniture,table,tabletop,Free pictures",A woman sitting at a table holding a wine glass,,
Julia Bogdanova,"soba noodles,bok choy,asian noodles,food and drink,fresh ginger,cabbage,asian food,Free pictures",A plate of food on a table with chopsticks,,
Keith Tanner,"food and drink,honey,studio photography,product photography,honey bee,honeycomb,product,Food Images & Pictures,bottle,cosmetics,perfume,cheese,medication,pill,can,tin,cutlery,fork,Free images",A wooden table topped with lots of honey,,
Mitili Mitili,"food and drink,Food Images & Pictures,seafood,italia,liguria,laspezia,oysters,cozze,ostriche,oyster,mussels,Fish Images,mitili,dish,meal,platter,food presentation,lunch,plate,brunch,HD Wallpapers",A plate of food on a white table,,
Bennie Bates,"food and drink,cup,beverage,drink,Coffee Images,hand,hands,adventure,hope,Life Images & Photos,praise,worship,church,God Images & Pictures,jesus,HD Cross Wallpapers,thirsty,thirst,evening,Light Backgrounds,HD Wallpapers",A person holding a cup of coffee in their hand,,
Polina Kuzovkova,"food and drink,interior design,modern interior,plants,interior,restaurant interior,minimalistic interior,interior details,industrial interior design,flowers in the interior,flower pots,cozy interior,chairs and tables,chair and table,cafe interior,HD Grey Wallpapers,indoors,restaurant,cafe,cafeteria,Public domain images",a restaurant with tables and chairs with plants on the wall,,
asagi,"food and drink,お菓子,食べ物,チョコチップクッキー,チョコチップ,クッキー,confectionery,Food Images & Pictures,sweets,biscuit,cookie,bread,Free pictures",A stack of cookies sitting next to each other,,
Evgeniya Pron,"food and drink,Aesthetic Backgrounds,bottles,cafe,teabar,teashop,storefront,window display,shop window art,tea box,tea bottle,tea,shelf,alcohol,beverage,drink,furniture,can,tin,liquor,HD Wallpapers",,,
Perspective Studio,"food and drink,Cake Images,celebration food,bright food,lemon cake,food photography styling,cake styling,cake store,Birthday Cake Images,cream,creme,dessert,Food Images & Pictures,cheesecake,beverage,coffee cup,drink,Free pictures",A cake sitting on top of a white cake plate,,
Mitili Mitili,"food and drink,Food Images & Pictures,seafood,italia,liguria,laspezia,oysters,cozze,ostriche,oyster,mussels,Fish Images,mitili,dish,meal,platter,food presentation,Animals Images & Pictures,sea life,plate,Public domain images",A plate of seafood on a white table,,
